Site_ID,Site_Long_Name,Latitude,Longitude,Thompson_Vs30,Model_Vs30,Z1.0,Z2.5,Study
ACTN,Acton,34.5,-118.2,525.4,491.0,100.0,840.0,Study 22.12 LF
ACTN,Acton,34.5,-118.2,525.4,491.0,100.0,840.0,Study 22.12 BB
ALIS,Aliso,34.4,-118.1,720.7,649.7,60.0,700.0,Study 22.12 BB
ALIS,Aliso,34.4,-118.1,720.7,649.7,60.0,700.0,Study 22.12 LF
ALP,Antelope,34.7,-118.3,351.9,325.5,140.0,880.0,Study 22.12 LF
ALP,Antelope,34.7,-118.3,351.9,325.5,140.0,880.0,Study 22.12 BB
BKBU,Black Butte,34.6,-117.7,719.6,561.6,80.0,770.0,Study 22.12 LF
BKBU,Black Butte,34.6,-117.7,719.6,561.6,80.0,770.0,Study 22.12 BB
BRE,Barre Substation,33.8,-118.0,229.9,215.0,690.0,4640.0,Study 22.12 LF
BRE,Barre Substation,33.8,-118.0,229.9,215.0,690.0,4640.0,Study 22.12 BB
BVH,Beverly Hospital,34.0,-118.1,390.4,340.4,510.0,4600.0,Study 22.12 BB
BVH,Beverly Hospital,34.0,-118.1,390.4,340.4,510.0,4600.0,Study 22.12 LF
CCP,Century City Plaza,34.1,-118.4,322.5,289.4,420.0,2960.0,Study 22.12 BB
CCP,Century City Plaza,34.1,-118.4,322.5,289.4,420.0,2960.0,Study 22.12 LF
CHN,Chino,34.0,-117.7,293.5,263.9,310.0,800.0,Study 22.12 BB
CHN,Chino,34.0,-117.7,293.5,263.9,310.0,800.0,Study 22.12 LF
COO,Compton,33.9,-118.2,240.2,220.8,720.0,4280.0,Study 22.12 LF
COO,Compton,33.9,-118.2,240.2,220.8,720.0,4280.0,Study 22.12 BB
CSDH,CSU Dominguez Hills,33.9,-118.3,367.8,323.5,530.0,3950.0,Study 22.12 LF
CSDH,CSU Dominguez Hills,33.9,-118.3,367.8,323.5,530.0,3950.0,Study 22.12 BB
DLA,Del Amo,33.8,-118.1,229.3,210.6,820.0,4850.0,Study 22.12 BB
DLA,Del Amo,33.8,-118.1,229.3,210.6,820.0,4850.0,Study 22.12 LF
EMCH,El Monte City Hall,34.1,-118.0,227.8,245.6,380.0,3570.0,Study 22.12 LF
EMCH,El Monte City Hall,34.1,-118.0,227.8,245.6,380.0,3570.0,Study 22.12 BB
FFI,Five-Fourteen Interchange,34.3,-118.5,349.7,308.7,280.0,3910.0,Study 22.12 LF
FFI,Five-Fourteen Interchange,34.3,-118.5,349.7,308.7,280.0,3910.0,Study 22.12 BB
FIL,Filmore Central Park,34.4,-118.9,351.9,281.4,990.0,6820.0,Study 22.12 BB
FIL,Filmore Central Park,34.4,-118.9,351.9,281.4,990.0,6820.0,Study 22.12 LF
GAVI,Gavilan,33.8,-117.4,709.9,655.2,50.0,410.0,Study 22.12 BB
GAVI,Gavilan,33.8,-117.4,709.9,655.2,50.0,410.0,Study 22.12 LF
GLBT,Gibraltar,34.0,-117.4,709.6,363.8,150.0,370.0,Study 22.12 BB
GLBT,Gibraltar,34.0,-117.4,709.6,363.8,150.0,370.0,Study 22.12 LF
GOPH,Gopher Gulch,33.9,-117.4,709.9,657.3,50.0,390.0,Study 22.12 BB
GOPH,Gopher Gulch,33.9,-117.4,709.9,657.3,50.0,390.0,Study 22.12 LF
GV03,Mt. Marie Louise N Grass Valley 3,34.3,-117.2,688.5,617.7,70.0,1360.0,Study 22.12 LF
GV03,Mt. Marie Louise N Grass Valley 3,34.3,-117.2,688.5,617.7,70.0,1360.0,Study 22.12 BB
GV05,Mt. Marie Louise N Grass Valley 5,34.3,-117.2,688.4,617.2,70.0,1360.0,Study 22.12 BB
GV05,Mt. Marie Louise N Grass Valley 5,34.3,-117.2,688.4,617.2,70.0,1360.0,Study 22.12 LF
HLL,North Hollywood,34.2,-118.4,311.5,278.8,610.0,1190.0,Study 22.12 BB
HLL,North Hollywood,34.2,-118.4,311.5,278.8,610.0,1190.0,Study 22.12 LF
HUMC,Harvard-UCLA Medical Center,33.8,-118.3,292.4,264.4,750.0,3340.0,Study 22.12 LF
HUMC,Harvard-UCLA Medical Center,33.8,-118.3,292.4,264.4,750.0,3340.0,Study 22.12 BB
LADT,Los Angeles Downtown,34.1,-118.3,349.0,334.2,310.0,2070.0,Study 22.12 LF
LADT,Los Angeles Downtown,34.1,-118.3,349.0,334.2,310.0,2070.0,Study 22.12 BB
LAF,La Fresa,33.9,-118.3,331.9,295.3,710.0,3420.0,Study 22.12 BB
LAF,La Fresa,33.9,-118.3,331.9,295.3,710.0,3420.0,Study 22.12 LF
LAPD,Lake Palmdale,34.6,-118.1,364.8,399.2,110.0,570.0,Study 22.12 LF
LAPD,Lake Palmdale,34.6,-118.1,364.8,399.2,110.0,570.0,Study 22.12 BB
LBP,Long Beach Port,33.8,-118.2,226.2,209.5,770.0,2840.0,Study 22.12 LF
LBP,Long Beach Port,33.8,-118.2,226.2,209.5,770.0,2840.0,Study 22.12 BB
LBUT,Lovejoy Buttes,34.6,-117.8,719.7,646.5,60.0,630.0,Study 22.12 LF
LBUT,Lovejoy Buttes,34.6,-117.8,719.7,646.5,60.0,630.0,Study 22.12 BB
LBUT2,Lovejoy Buttes,34.6,-117.8,350.0,490.9,90.0,630.0,Study 22.12 LF
LBUT2,Lovejoy Buttes,34.6,-117.8,350.0,490.9,90.0,630.0,Study 22.12 BB
LGB,Laguna Bell,34.0,-118.1,344.1,270.0,710.0,4520.0,Study 22.12 LF
LGB,Laguna Bell,34.0,-118.1,344.1,270.0,710.0,4520.0,Study 22.12 BB
LGU,Laguna Peak,34.1,-119.1,384.5,393.1,310.0,2410.0,Study 22.12 LF
LGU,Laguna Peak,34.1,-119.1,384.5,393.1,310.0,2410.0,Study 22.12 BB
LMAT,Lake Mathews Drive,33.8,-117.4,709.9,654.2,50.0,420.0,Study 22.12 LF
LMAT,Lake Mathews Drive,33.8,-117.4,709.9,654.2,50.0,420.0,Study 22.12 BB
LPER,Lake Perris N,33.9,-117.2,710.0,611.3,60.0,590.0,Study 22.12 BB
LPER,Lake Perris N,33.9,-117.2,710.0,611.3,60.0,590.0,Study 22.12 LF
MBRD,Mockingbird,34.0,-117.4,351.9,366.8,150.0,410.0,Study 22.12 BB
MBRD,Mockingbird,34.0,-117.4,351.9,366.8,150.0,410.0,Study 22.12 LF
MKBD,Mockingbird Van Buren,33.9,-117.4,709.8,658.3,50.0,380.0,Study 22.12 LF
MKBD,Mockingbird Van Buren,33.9,-117.4,709.8,658.3,50.0,380.0,Study 22.12 BB
MOP,Moorpark,34.3,-118.9,293.5,297.5,320.0,6140.0,Study 22.12 LF
MOP,Moorpark,34.3,-118.9,293.5,297.5,320.0,6140.0,Study 22.12 BB
MRSD,Morris Dam,34.2,-117.9,352.2,383.0,120.0,1110.0,Study 22.12 LF
MRSD,Morris Dam,34.2,-117.9,352.2,383.0,120.0,1110.0,Study 22.12 BB
MRVY,Moreno valley,33.9,-117.2,709.9,413.7,120.0,970.0,Study 22.12 BB
MRVY,Moreno valley,33.9,-117.2,709.9,413.7,120.0,970.0,Study 22.12 LF
NUEVO,Nuevo 2,33.8,-117.2,710.1,680.4,40.0,260.0,Study 22.12 BB
NUEVO,Nuevo 2,33.8,-117.2,710.1,680.4,40.0,260.0,Study 22.12 LF
OLI,Olinda,33.9,-117.9,342.6,315.6,410.0,2560.0,Study 22.12 LF
OLI,Olinda,33.9,-117.9,342.6,315.6,410.0,2560.0,Study 22.12 BB
OSI,Osito Audit: Castaic Lake Dam,34.6,-118.7,351.9,358.6,310.0,380.0,Study 22.12 BB
OSI,Osito Audit: Castaic Lake Dam,34.6,-118.7,351.9,358.6,310.0,380.0,Study 22.12 LF
P1,p1,34.3,-118.5,300.3,306.6,350.0,4420.0,Study 22.12 LF
P1,p1,34.3,-118.5,300.3,306.6,350.0,4420.0,Study 22.12 BB
P10,p10,34.1,-118.2,365.0,333.9,310.0,2220.0,Study 22.12 LF
P10,p10,34.1,-118.2,365.0,333.9,310.0,2220.0,Study 22.12 BB
P11,p11,34.0,-118.2,374.9,338.2,380.0,2390.0,Study 22.12 BB
P11,p11,34.0,-118.2,374.9,338.2,380.0,2390.0,Study 22.12 LF
P12,p12,34.0,-118.2,298.9,267.3,540.0,2930.0,Study 22.12 LF
P12,p12,34.0,-118.2,298.9,267.3,540.0,2930.0,Study 22.12 BB
P13,p13,34.0,-118.2,258.8,240.2,620.0,3810.0,Study 22.12 LF
P13,p13,34.0,-118.2,258.8,240.2,620.0,3810.0,Study 22.12 BB
P14,p14,34.1,-118.3,331.9,308.2,310.0,2010.0,Study 22.12 BB
P14,p14,34.1,-118.3,331.9,308.2,310.0,2010.0,Study 22.12 LF
P15,p15,34.0,-118.5,387.6,322.8,640.0,4750.0,Study 22.12 BB
P15,p15,34.0,-118.5,387.6,322.8,640.0,4750.0,Study 22.12 LF
P16,p16,34.0,-118.4,298.2,264.1,690.0,4870.0,Study 22.12 LF
P16,p16,34.0,-118.4,298.2,264.1,690.0,4870.0,Study 22.12 BB
P17,p17,34.0,-118.4,384.7,326.2,630.0,4250.0,Study 22.12 BB
P17,p17,34.0,-118.4,384.7,326.2,630.0,4250.0,Study 22.12 LF
P18,p18,34.1,-118.4,371.9,329.8,430.0,2530.0,Study 22.12 LF
P18,p18,34.1,-118.4,371.9,329.8,430.0,2530.0,Study 22.12 BB
P19,p19,34.0,-118.3,355.5,321.4,340.0,2310.0,Study 22.12 BB
P19,p19,34.0,-118.3,355.5,321.4,340.0,2310.0,Study 22.12 LF
P2,p2,34.3,-118.5,495.3,455.1,200.0,3480.0,Study 22.12 BB
P2,p2,34.3,-118.5,495.3,455.1,200.0,3480.0,Study 22.12 LF
P20,p20,34.2,-118.6,407.5,344.6,340.0,2710.0,Study 22.12 LF
P20,p20,34.2,-118.6,407.5,344.6,340.0,2710.0,Study 22.12 BB
P21,p21,34.2,-118.6,286.5,269.1,300.0,2370.0,Study 22.12 BB
P21,p21,34.2,-118.6,286.5,269.1,300.0,2370.0,Study 22.12 LF
P22,p22,34.2,-118.6,288.8,288.9,220.0,2270.0,Study 22.12 LF
P22,p22,34.2,-118.6,288.8,288.9,220.0,2270.0,Study 22.12 BB
P23,p23,34.2,-118.5,329.0,321.7,170.0,920.0,Study 22.12 LF
P23,p23,34.2,-118.5,329.0,321.7,170.0,920.0,Study 22.12 BB
P24,p24,34.1,-118.5,627.4,486.1,150.0,470.0,Study 22.12 LF
P24,p24,34.1,-118.5,627.4,486.1,150.0,470.0,Study 22.12 BB
P25,p25,34.1,-118.5,353.0,487.3,150.0,450.0,Study 22.12 BB
P25,p25,34.1,-118.5,353.0,487.3,150.0,450.0,Study 22.12 LF
P3,p3,34.2,-118.4,338.4,299.2,390.0,2330.0,Study 22.12 BB
P3,p3,34.2,-118.4,338.4,299.2,390.0,2330.0,Study 22.12 LF
P4,p4,34.2,-118.4,301.1,272.2,500.0,1200.0,Study 22.12 LF
P4,p4,34.2,-118.4,301.1,272.2,500.0,1200.0,Study 22.12 BB
P5,p5,34.2,-118.3,297.2,267.4,650.0,980.0,Study 22.12 BB
P5,p5,34.2,-118.3,297.2,267.4,650.0,980.0,Study 22.12 LF
P6,p6,34.2,-118.3,303.1,288.9,320.0,890.0,Study 22.12 BB
P6,p6,34.2,-118.3,303.1,288.9,320.0,890.0,Study 22.12 LF
P7,p7,34.1,-118.3,352.5,316.0,220.0,530.0,Study 22.12 BB
P7,p7,34.1,-118.3,352.5,316.0,220.0,530.0,Study 22.12 LF
P8,p8,34.1,-118.3,352.1,326.3,240.0,1240.0,Study 22.12 LF
P8,p8,34.1,-118.3,352.1,326.3,240.0,1240.0,Study 22.12 BB
P9,p9,34.1,-118.2,352.6,327.2,310.0,2070.0,Study 22.12 LF
P9,p9,34.1,-118.2,352.6,327.2,310.0,2070.0,Study 22.12 BB
PACI,Pacifico,34.3,-118.0,741.0,667.0,50.0,640.0,Study 22.12 LF
PACI,Pacifico,34.3,-118.0,741.0,667.0,50.0,640.0,Study 22.12 BB
PACI2,Pacifico 1 SG,34.4,-118.0,726.1,656.4,60.0,610.0,Study 22.12 BB
PACI2,Pacifico 1 SG,34.4,-118.0,726.1,656.4,60.0,610.0,Study 22.12 LF
PAS,Pasadena,34.1,-118.2,907.6,687.7,40.0,700.0,Study 22.12 BB
PAS,Pasadena,34.1,-118.2,907.6,687.7,40.0,700.0,Study 22.12 LF
PBWL,Punchbowl 1,34.4,-117.9,676.1,516.0,80.0,590.0,Study 22.12 LF
PBWL,Punchbowl 1,34.4,-117.9,676.1,516.0,80.0,590.0,Study 22.12 BB
PDE,Pardee,34.4,-118.6,351.8,333.9,310.0,1840.0,Study 22.12 BB
PDE,Pardee,34.4,-118.6,351.8,333.9,310.0,1840.0,Study 22.12 LF
PDU,Padua,34.1,-117.6,351.9,344.0,310.0,1040.0,Study 22.12 LF
PDU,Padua,34.1,-117.6,351.9,344.0,310.0,1040.0,Study 22.12 BB
PEDL,Pedley,34.0,-117.5,709.4,368.1,150.0,360.0,Study 22.12 BB
PEDL,Pedley,34.0,-117.5,709.4,368.1,150.0,360.0,Study 22.12 LF
PERR,Perris,33.8,-117.2,710.1,675.0,40.0,280.0,Study 22.12 BB
PERR,Perris,33.8,-117.2,710.1,675.0,40.0,280.0,Study 22.12 LF
PERR2,Perris,33.8,-117.2,710.1,681.7,40.0,250.0,Study 22.12 BB
PERR2,Perris,33.8,-117.2,710.1,681.7,40.0,250.0,Study 22.12 LF
PERRM,Perris Rimrock 1,33.8,-117.3,710.1,677.2,40.0,270.0,Study 22.12 LF
PERRM,Perris Rimrock 1,33.8,-117.3,710.1,677.2,40.0,270.0,Study 22.12 BB
PIBU,Piute Butte 1,34.7,-117.9,713.5,645.4,60.0,640.0,Study 22.12 BB
PIBU,Piute Butte 1,34.7,-117.9,713.5,645.4,60.0,640.0,Study 22.12 LF
PLS,Pleasants Peak,33.8,-117.6,706.0,631.8,70.0,1180.0,Study 22.12 BB
PLS,Pleasants Peak,33.8,-117.6,706.0,631.8,70.0,1180.0,Study 22.12 LF
PTWN,Pioneer Town,34.1,-116.5,710.1,634.5,70.0,1190.0,Study 22.12 BB
PTWN,Pioneer Town,34.1,-116.5,710.1,634.5,70.0,1190.0,Study 22.12 LF
RHCH,Rolling Hills Estates City Hall,33.8,-118.4,343.5,330.9,340.0,1860.0,Study 22.12 LF
RHCH,Rolling Hills Estates City Hall,33.8,-118.4,343.5,330.9,340.0,1860.0,Study 22.12 BB
RIO,Rio Hondo,34.1,-118.0,323.4,293.0,350.0,2820.0,Study 22.12 LF
RIO,Rio Hondo,34.1,-118.0,323.4,293.0,350.0,2820.0,Study 22.12 BB
RPV,Rancho Palos Verdes,33.7,-118.4,320.4,364.3,150.0,1540.0,Study 22.12 BB
RPV,Rancho Palos Verdes,33.7,-118.4,320.4,364.3,150.0,1540.0,Study 22.12 LF
SABD,Santa Ana Business District,33.8,-117.9,226.1,216.3,390.0,4440.0,Study 22.12 LF
SABD,Santa Ana Business District,33.8,-117.9,226.1,216.3,390.0,4440.0,Study 22.12 BB
SBSM,San Bernardino Strong Motion,34.1,-117.3,274.4,255.9,400.0,1820.0,Study 22.12 LF
SBSM,San Bernardino Strong Motion,34.1,-117.3,274.4,255.9,400.0,1820.0,Study 22.12 BB
SGCD,San Gabriel Canyon Dam,34.2,-117.9,716.2,535.7,80.0,690.0,Study 22.12 BB
SGCD,San Gabriel Canyon Dam,34.2,-117.9,716.2,535.7,80.0,690.0,Study 22.12 LF
SGRTT,San Gabriel River - Two Ten Interchange,34.1,-117.9,301.3,290.2,220.0,1850.0,Study 22.12 BB
SGRTT,San Gabriel River - Two Ten Interchange,34.1,-117.9,301.3,290.2,220.0,1850.0,Study 22.12 LF
SLVW,Silverwood Lake,34.3,-117.3,699.5,624.6,70.0,1360.0,Study 22.12 LF
SLVW,Silverwood Lake,34.3,-117.3,699.5,624.6,70.0,1360.0,Study 22.12 BB
SMCA,Santa Monica Civic Auditorium,34.0,-118.5,372.0,319.2,590.0,2450.0,Study 22.12 LF
SMCA,Santa Monica Civic Auditorium,34.0,-118.5,372.0,319.2,590.0,2450.0,Study 22.12 BB
STG,Santiago,33.7,-117.8,293.5,292.2,180.0,1720.0,Study 22.12 LF
STG,Santiago,33.7,-117.8,293.5,292.2,180.0,1720.0,Study 22.12 BB
STNI,Seven Ten-Ninety Interchange ,33.9,-118.2,236.2,215.2,880.0,5570.0,Study 22.12 BB
STNI,Seven Ten-Ninety Interchange ,33.9,-118.2,236.2,215.2,880.0,5570.0,Study 22.12 LF
SVD,Seven Oaks Dam,34.1,-117.1,439.3,546.4,80.0,1490.0,Study 22.12 BB
SVD,Seven Oaks Dam,34.1,-117.1,439.3,546.4,80.0,1490.0,Study 22.12 LF
TAB,Table Mountain,34.4,-117.7,725.0,652.8,60.0,720.0,Study 22.12 BB
TAB,Table Mountain,34.4,-117.7,725.0,652.8,60.0,720.0,Study 22.12 LF
TRA,Torrance Airport,33.8,-118.3,305.0,271.2,850.0,2200.0,Study 22.12 LF
TRA,Torrance Airport,33.8,-118.3,305.0,271.2,850.0,2200.0,Study 22.12 BB
UCR,UCR,34.0,-117.3,709.5,368.1,310.0,450.0,Study 22.12 LF
UCR,UCR,34.0,-117.3,709.5,368.1,310.0,450.0,Study 22.12 BB
USC,University of Southern California,34.0,-118.3,336.4,295.7,580.0,4100.0,Study 22.12 BB
USC,University of Southern California,34.0,-118.3,336.4,295.7,580.0,4100.0,Study 22.12 LF
WNGC,Whittier Narrows Golf Course,34.0,-118.1,292.5,264.5,500.0,3490.0,Study 22.12 BB
WNGC,Whittier Narrows Golf Course,34.0,-118.1,292.5,264.5,500.0,3490.0,Study 22.12 LF
WSS,West Side Station,34.2,-118.6,407.9,358.6,200.0,2430.0,Study 22.12 BB
WSS,West Side Station,34.2,-118.6,407.9,358.6,200.0,2430.0,Study 22.12 LF
s001,s001,34.3,-119.2,345.7,273.0,760.0,6200.0,Study 22.12 LF
s001,s001,34.3,-119.2,345.7,273.0,760.0,6200.0,Study 22.12 BB
s003,s003,34.3,-119.2,351.9,345.4,310.0,5190.0,Study 22.12 BB
s003,s003,34.3,-119.2,351.9,345.4,310.0,5190.0,Study 22.12 LF
s022,s022,34.2,-119.2,296.9,263.5,510.0,4240.0,Study 22.12 BB
s022,s022,34.2,-119.2,296.9,263.5,510.0,4240.0,Study 22.12 LF
s024,s024,34.3,-119.1,293.5,262.6,820.0,6870.0,Study 22.12 BB
s024,s024,34.3,-119.1,293.5,262.6,820.0,6870.0,Study 22.12 LF
s026,s026,34.4,-119.1,416.1,369.4,310.0,4780.0,Study 22.12 LF
s026,s026,34.4,-119.1,416.1,369.4,310.0,4780.0,Study 22.12 BB
s028,s028,34.5,-119.0,468.7,466.5,100.0,390.0,Study 22.12 LF
s028,s028,34.5,-119.0,468.7,466.5,100.0,390.0,Study 22.12 BB
s030,s030,34.6,-119.0,385.3,400.1,90.0,390.0,Study 22.12 BB
s030,s030,34.6,-119.0,385.3,400.1,90.0,390.0,Study 22.12 LF
s032,s032,34.6,-118.9,710.8,667.6,50.0,320.0,Study 22.12 BB
s032,s032,34.6,-118.9,710.8,667.6,50.0,320.0,Study 22.12 LF
s034,s034,34.7,-118.9,351.9,374.8,90.0,390.0,Study 22.12 LF
s034,s034,34.7,-118.9,351.9,374.8,90.0,390.0,Study 22.12 BB
s035,s035,34.8,-118.8,471.9,465.5,80.0,420.0,Study 22.12 BB
s035,s035,34.8,-118.8,471.9,465.5,80.0,420.0,Study 22.12 LF
s036,s036,34.8,-118.8,721.5,658.4,50.0,490.0,Study 22.12 LF
s036,s036,34.8,-118.8,721.5,658.4,50.0,490.0,Study 22.12 BB
s038,s038,34.9,-118.8,749.0,674.5,50.0,620.0,Study 22.12 BB
s038,s038,34.9,-118.8,749.0,674.5,50.0,620.0,Study 22.12 LF
s040,s040,35.0,-118.7,739.6,672.6,50.0,490.0,Study 22.12 BB
s040,s040,35.0,-118.7,739.6,672.6,50.0,490.0,Study 22.12 LF
s043,s043,34.2,-119.2,228.0,213.7,550.0,3190.0,Study 22.12 BB
s043,s043,34.2,-119.2,228.0,213.7,550.0,3190.0,Study 22.12 LF
s048,s048,34.4,-119.0,497.2,396.3,910.0,6060.0,Study 22.12 LF
s048,s048,34.4,-119.0,497.2,396.3,910.0,6060.0,Study 22.12 BB
s064,s064,34.1,-119.1,176.1,174.9,720.0,3020.0,Study 22.12 LF
s064,s064,34.1,-119.1,176.1,174.9,720.0,3020.0,Study 22.12 BB
s066,s066,34.2,-119.1,228.0,215.7,470.0,2900.0,Study 22.12 BB
s066,s066,34.2,-119.1,228.0,215.7,470.0,2900.0,Study 22.12 LF
s068,s068,34.3,-119.0,394.7,347.4,470.0,2390.0,Study 22.12 BB
s068,s068,34.3,-119.0,394.7,347.4,470.0,2390.0,Study 22.12 LF
s070,s070,34.4,-119.0,293.5,260.2,1120.0,6260.0,Study 22.12 LF
s070,s070,34.4,-119.0,293.5,260.2,1120.0,6260.0,Study 22.12 BB
s071,s071,34.4,-119.0,351.9,281.4,950.0,6620.0,Study 22.12 LF
s071,s071,34.4,-119.0,351.9,281.4,950.0,6620.0,Study 22.12 BB
s072,s072,34.4,-118.9,351.9,316.3,520.0,6210.0,Study 22.12 LF
s072,s072,34.4,-118.9,351.9,316.3,520.0,6210.0,Study 22.12 BB
s074,s074,34.5,-118.9,469.4,458.3,90.0,480.0,Study 22.12 BB
s074,s074,34.5,-118.9,469.4,458.3,90.0,480.0,Study 22.12 LF
s076,s076,34.6,-118.8,712.0,665.8,50.0,340.0,Study 22.12 BB
s076,s076,34.6,-118.8,712.0,665.8,50.0,340.0,Study 22.12 LF
s078,s078,34.7,-118.8,386.6,399.2,90.0,410.0,Study 22.12 LF
s078,s078,34.7,-118.8,386.6,399.2,90.0,410.0,Study 22.12 BB
s080,s080,34.8,-118.7,714.2,437.3,110.0,930.0,Study 22.12 BB
s080,s080,34.8,-118.7,714.2,437.3,110.0,930.0,Study 22.12 LF
s081,s081,34.8,-118.7,384.2,369.2,140.0,1600.0,Study 22.12 LF
s081,s081,34.8,-118.7,384.2,369.2,140.0,1600.0,Study 22.12 BB
s082,s082,34.8,-118.7,386.8,371.4,140.0,1650.0,Study 22.12 BB
s082,s082,34.8,-118.7,386.8,371.4,140.0,1650.0,Study 22.12 LF
s084,s084,34.9,-118.6,715.9,644.0,60.0,930.0,Study 22.12 LF
s084,s084,34.9,-118.6,715.9,644.0,60.0,930.0,Study 22.12 BB
s109,s109,34.2,-119.0,407.4,471.1,150.0,2310.0,Study 22.12 LF
s109,s109,34.2,-119.0,407.4,471.1,150.0,2310.0,Study 22.12 BB
s111,s111,34.2,-118.9,351.8,352.7,310.0,3140.0,Study 22.12 LF
s111,s111,34.2,-118.9,351.8,352.7,310.0,3140.0,Study 22.12 BB
s113,s113,34.3,-118.9,401.3,369.5,310.0,2970.0,Study 22.12 LF
s113,s113,34.3,-118.9,401.3,369.5,310.0,2970.0,Study 22.12 BB
s115,s115,34.4,-118.8,293.5,260.3,1110.0,6100.0,Study 22.12 LF
s115,s115,34.4,-118.8,293.5,260.3,1110.0,6100.0,Study 22.12 BB
s117,s117,34.5,-118.8,388.4,389.0,200.0,1870.0,Study 22.12 BB
s117,s117,34.5,-118.8,388.4,389.0,200.0,1870.0,Study 22.12 LF
s119,s119,34.6,-118.7,719.1,626.0,50.0,440.0,Study 22.12 BB
s119,s119,34.6,-118.7,719.1,626.0,50.0,440.0,Study 22.12 LF
s121,s121,34.6,-118.7,475.9,359.1,310.0,400.0,Study 22.12 LF
s121,s121,34.6,-118.7,475.9,359.1,310.0,400.0,Study 22.12 BB
s123,s123,34.7,-118.6,715.0,650.8,60.0,530.0,Study 22.12 BB
s123,s123,34.7,-118.6,715.0,650.8,60.0,530.0,Study 22.12 LF
s125,s125,34.8,-118.6,293.5,297.6,160.0,1650.0,Study 22.12 LF
s125,s125,34.8,-118.6,293.5,297.6,160.0,1650.0,Study 22.12 BB
s127,s127,34.9,-118.5,403.5,389.1,130.0,1460.0,Study 22.12 LF
s127,s127,34.9,-118.5,403.5,389.1,130.0,1460.0,Study 22.12 BB
s145,s145,34.7,-118.5,714.2,647.2,60.0,600.0,Study 22.12 LF
s145,s145,34.7,-118.5,714.2,647.2,60.0,600.0,Study 22.12 BB
s151,s151,34.1,-118.9,351.9,390.5,150.0,480.0,Study 22.12 LF
s151,s151,34.1,-118.9,351.9,390.5,150.0,480.0,Study 22.12 BB
s153,s153,34.2,-118.8,420.3,288.4,310.0,580.0,Study 22.12 LF
s153,s153,34.2,-118.8,420.3,288.4,310.0,580.0,Study 22.12 BB
s155,s155,34.3,-118.8,293.5,279.2,310.0,1710.0,Study 22.12 LF
s155,s155,34.3,-118.8,293.5,279.2,310.0,1710.0,Study 22.12 BB
s157,s157,34.4,-118.7,508.0,424.3,310.0,1810.0,Study 22.12 LF
s157,s157,34.4,-118.7,508.0,424.3,310.0,1810.0,Study 22.12 BB
s159,s159,34.4,-118.7,350.3,325.4,380.0,4080.0,Study 22.12 BB
s159,s159,34.4,-118.7,350.3,325.4,380.0,4080.0,Study 22.12 LF
s161,s161,34.5,-118.6,351.9,329.8,310.0,1500.0,Study 22.12 LF
s161,s161,34.5,-118.6,351.9,329.8,310.0,1500.0,Study 22.12 BB
s163,s163,34.6,-118.6,432.0,462.0,150.0,370.0,Study 22.12 BB
s163,s163,34.6,-118.6,432.0,462.0,150.0,370.0,Study 22.12 LF
s165,s165,34.7,-118.5,723.4,609.9,50.0,350.0,Study 22.12 BB
s165,s165,34.7,-118.5,723.4,609.9,50.0,350.0,Study 22.12 LF
s167,s167,34.7,-118.5,293.5,302.0,150.0,1230.0,Study 22.12 LF
s167,s167,34.7,-118.5,293.5,302.0,150.0,1230.0,Study 22.12 BB
s169,s169,34.8,-118.4,293.5,298.6,160.0,1770.0,Study 22.12 LF
s169,s169,34.8,-118.4,293.5,298.6,160.0,1770.0,Study 22.12 BB
s187,s187,34.7,-118.5,716.7,620.3,60.0,470.0,Study 22.12 LF
s187,s187,34.7,-118.5,716.7,620.3,60.0,470.0,Study 22.12 BB
s193,s193,34.1,-118.8,373.2,378.4,110.0,520.0,Study 22.12 LF
s193,s193,34.1,-118.8,373.2,378.4,110.0,520.0,Study 22.12 BB
s195,s195,34.2,-118.7,536.1,316.0,310.0,2530.0,Study 22.12 BB
s195,s195,34.2,-118.7,536.1,316.0,310.0,2530.0,Study 22.12 LF
s197,s197,34.2,-118.7,502.5,471.6,90.0,600.0,Study 22.12 LF
s197,s197,34.2,-118.7,502.5,471.6,90.0,600.0,Study 22.12 BB
s199,s199,34.3,-118.6,491.2,442.6,310.0,6030.0,Study 22.12 LF
s199,s199,34.3,-118.6,491.2,442.6,310.0,6030.0,Study 22.12 BB
s201,s201,34.4,-118.6,469.4,402.7,300.0,2980.0,Study 22.12 LF
s201,s201,34.4,-118.6,469.4,402.7,300.0,2980.0,Study 22.12 BB
s203,s203,34.5,-118.5,462.1,288.4,310.0,2010.0,Study 22.12 BB
s203,s203,34.5,-118.5,462.1,288.4,310.0,2010.0,Study 22.12 LF
s205,s205,34.5,-118.5,749.0,517.1,90.0,330.0,Study 22.12 BB
s205,s205,34.5,-118.5,749.0,517.1,90.0,330.0,Study 22.12 LF
s207,s207,34.6,-118.4,723.2,675.0,50.0,330.0,Study 22.12 BB
s207,s207,34.6,-118.4,723.2,675.0,50.0,330.0,Study 22.12 LF
s209,s209,34.7,-118.4,352.1,367.0,130.0,980.0,Study 22.12 LF
s209,s209,34.7,-118.4,352.1,367.0,130.0,980.0,Study 22.12 BB
s211,s211,34.8,-118.3,228.2,246.3,170.0,1250.0,Study 22.12 BB
s211,s211,34.8,-118.3,228.2,246.3,170.0,1250.0,Study 22.12 LF
s228,s228,34.6,-118.4,351.9,364.6,120.0,570.0,Study 22.12 BB
s228,s228,34.6,-118.4,351.9,364.6,120.0,570.0,Study 22.12 LF
s234,s234,34.1,-118.7,504.9,386.2,140.0,1000.0,Study 22.12 BB
s234,s234,34.1,-118.7,504.9,386.2,140.0,1000.0,Study 22.12 LF
s236,s236,34.2,-118.6,278.6,270.7,240.0,2350.0,Study 22.12 LF
s236,s236,34.2,-118.6,278.6,270.7,240.0,2350.0,Study 22.12 BB
s238,s238,34.3,-118.5,393.9,357.1,190.0,2650.0,Study 22.12 LF
s238,s238,34.3,-118.5,393.9,357.1,190.0,2650.0,Study 22.12 BB
s240,s240,34.3,-118.5,377.1,342.6,240.0,2000.0,Study 22.12 LF
s240,s240,34.3,-118.5,377.1,342.6,240.0,2000.0,Study 22.12 BB
s242,s242,34.4,-118.4,499.4,367.1,220.0,1920.0,Study 22.12 LF
s242,s242,34.4,-118.4,499.4,367.1,220.0,1920.0,Study 22.12 BB
s244,s244,34.5,-118.4,730.0,486.8,150.0,1110.0,Study 22.12 LF
s244,s244,34.5,-118.4,730.0,486.8,150.0,1110.0,Study 22.12 BB
s246,s246,34.6,-118.3,716.2,654.2,50.0,490.0,Study 22.12 BB
s246,s246,34.6,-118.3,716.2,654.2,50.0,490.0,Study 22.12 LF
s248,s248,34.7,-118.3,351.9,357.2,120.0,590.0,Study 22.12 LF
s248,s248,34.7,-118.3,351.9,357.2,120.0,590.0,Study 22.12 BB
s250,s250,34.7,-118.2,338.4,336.2,150.0,1200.0,Study 22.12 BB
s250,s250,34.7,-118.2,338.4,336.2,150.0,1200.0,Study 22.12 LF
s266,s266,34.6,-118.3,417.8,417.4,100.0,470.0,Study 22.12 BB
s266,s266,34.6,-118.3,417.8,417.4,100.0,470.0,Study 22.12 LF
s271,s271,34.1,-118.6,502.5,459.0,150.0,480.0,Study 22.12 LF
s271,s271,34.1,-118.6,502.5,459.0,150.0,480.0,Study 22.12 BB
s273,s273,34.1,-118.5,409.1,380.1,110.0,630.0,Study 22.12 LF
s273,s273,34.1,-118.5,409.1,380.1,110.0,630.0,Study 22.12 BB
s275,s275,34.2,-118.5,301.1,276.0,400.0,2780.0,Study 22.12 BB
s275,s275,34.2,-118.5,301.1,276.0,400.0,2780.0,Study 22.12 LF
s277,s277,34.3,-118.4,638.4,456.3,170.0,1730.0,Study 22.12 BB
s277,s277,34.3,-118.4,638.4,456.3,170.0,1730.0,Study 22.12 LF
s279,s279,34.4,-118.3,902.5,667.5,30.0,480.0,Study 22.12 LF
s279,s279,34.4,-118.3,902.5,667.5,30.0,480.0,Study 22.12 BB
s281,s281,34.5,-118.3,487.2,454.5,110.0,1060.0,Study 22.12 LF
s281,s281,34.5,-118.3,487.2,454.5,110.0,1060.0,Study 22.12 BB
s283,s283,34.5,-118.2,715.4,650.4,60.0,540.0,Study 22.12 BB
s283,s283,34.5,-118.2,715.4,650.4,60.0,540.0,Study 22.12 LF
s285,s285,34.6,-118.2,293.7,313.2,120.0,530.0,Study 22.12 BB
s285,s285,34.6,-118.2,293.7,313.2,120.0,530.0,Study 22.12 LF
s287,s287,34.7,-118.1,293.5,291.4,180.0,1800.0,Study 22.12 BB
s287,s287,34.7,-118.1,293.5,291.4,180.0,1800.0,Study 22.12 LF
s292,s292,34.2,-118.4,280.2,268.3,350.0,1330.0,Study 22.12 LF
s292,s292,34.2,-118.4,280.2,268.3,350.0,1330.0,Study 22.12 BB
s302,s302,34.6,-118.2,713.0,487.3,90.0,520.0,Study 22.12 LF
s302,s302,34.6,-118.2,713.0,487.3,90.0,520.0,Study 22.12 BB
s307,s307,34.0,-118.5,388.7,337.6,620.0,4880.0,Study 22.12 LF
s307,s307,34.0,-118.5,388.7,337.6,620.0,4880.0,Study 22.12 BB
s309,s309,34.1,-118.4,483.3,494.1,150.0,430.0,Study 22.12 LF
s309,s309,34.1,-118.4,483.3,494.1,150.0,430.0,Study 22.12 BB
s311,s311,34.2,-118.4,313.5,279.9,610.0,1170.0,Study 22.12 BB
s311,s311,34.2,-118.4,313.5,279.9,610.0,1170.0,Study 22.12 LF
s313,s313,34.3,-118.3,353.1,363.6,100.0,440.0,Study 22.12 BB
s313,s313,34.3,-118.3,353.1,363.6,100.0,440.0,Study 22.12 LF
s315,s315,34.3,-118.3,767.7,622.8,50.0,430.0,Study 22.12 LF
s315,s315,34.3,-118.3,767.7,622.8,50.0,430.0,Study 22.12 BB
s317,s317,34.4,-118.2,727.0,542.7,70.0,730.0,Study 22.12 BB
s317,s317,34.4,-118.2,727.0,542.7,70.0,730.0,Study 22.12 LF
s319,s319,34.5,-118.1,423.0,410.0,110.0,710.0,Study 22.12 LF
s319,s319,34.5,-118.1,423.0,410.0,110.0,710.0,Study 22.12 BB
s321,s321,34.6,-118.1,374.5,376.5,110.0,560.0,Study 22.12 LF
s321,s321,34.6,-118.1,374.5,376.5,110.0,560.0,Study 22.12 BB
s323,s323,34.6,-118.0,228.2,248.3,160.0,1040.0,Study 22.12 LF
s323,s323,34.6,-118.0,228.2,248.3,160.0,1040.0,Study 22.12 BB
s328,s328,34.1,-118.4,353.0,287.3,330.0,2110.0,Study 22.12 BB
s328,s328,34.1,-118.4,353.0,287.3,330.0,2110.0,Study 22.12 LF
s339,s339,34.5,-118.1,524.6,496.3,90.0,580.0,Study 22.12 BB
s339,s339,34.5,-118.1,524.6,496.3,90.0,580.0,Study 22.12 LF
s344,s344,33.9,-118.4,377.7,330.6,690.0,4060.0,Study 22.12 LF
s344,s344,33.9,-118.4,377.7,330.6,690.0,4060.0,Study 22.12 BB
s345,s345,34.0,-118.4,407.1,349.8,580.0,4060.0,Study 22.12 BB
s345,s345,34.0,-118.4,407.1,349.8,580.0,4060.0,Study 22.12 LF
s346,s346,34.0,-118.3,227.7,241.9,650.0,4180.0,Study 22.12 BB
s346,s346,34.0,-118.3,227.7,241.9,650.0,4180.0,Study 22.12 LF
s347,s347,34.1,-118.3,296.9,276.2,330.0,2090.0,Study 22.12 BB
s347,s347,34.1,-118.3,296.9,276.2,330.0,2090.0,Study 22.12 LF
s348,s348,34.1,-118.3,990.5,431.8,310.0,1930.0,Study 22.12 BB
s348,s348,34.1,-118.3,990.5,431.8,310.0,1930.0,Study 22.12 LF
s349,s349,34.1,-118.3,390.8,388.7,160.0,580.0,Study 22.12 LF
s349,s349,34.1,-118.3,390.8,388.7,160.0,580.0,Study 22.12 BB
s351,s351,34.2,-118.2,450.3,380.2,90.0,410.0,Study 22.12 LF
s351,s351,34.2,-118.2,450.3,380.2,90.0,410.0,Study 22.12 BB
s353,s353,34.3,-118.2,732.7,605.4,50.0,480.0,Study 22.12 BB
s353,s353,34.3,-118.2,732.7,605.4,50.0,480.0,Study 22.12 LF
s355,s355,34.4,-118.1,721.3,650.1,60.0,700.0,Study 22.12 BB
s355,s355,34.4,-118.1,721.3,650.1,60.0,700.0,Study 22.12 LF
s357,s357,34.4,-118.1,725.5,656.7,60.0,580.0,Study 22.12 BB
s357,s357,34.4,-118.1,725.5,656.7,60.0,580.0,Study 22.12 LF
s359,s359,34.5,-118.0,372.9,367.8,110.0,560.0,Study 22.12 BB
s359,s359,34.5,-118.0,372.9,367.8,110.0,560.0,Study 22.12 LF
s361,s361,34.6,-117.9,293.5,307.8,130.0,640.0,Study 22.12 LF
s361,s361,34.6,-117.9,293.5,307.8,130.0,640.0,Study 22.12 BB
s365,s365,34.0,-118.3,363.0,320.0,590.0,3620.0,Study 22.12 BB
s365,s365,34.0,-118.3,363.0,320.0,590.0,3620.0,Study 22.12 LF
s366,s366,34.0,-118.3,230.6,212.1,800.0,5220.0,Study 22.12 BB
s366,s366,34.0,-118.3,230.6,212.1,800.0,5220.0,Study 22.12 LF
s378,s378,34.5,-118.0,753.6,681.0,50.0,530.0,Study 22.12 BB
s378,s378,34.5,-118.0,753.6,681.0,50.0,530.0,Study 22.12 LF
s380,s380,34.5,-117.9,293.6,307.1,130.0,660.0,Study 22.12 BB
s380,s380,34.5,-117.9,293.6,307.1,130.0,660.0,Study 22.12 LF
s383,s383,33.8,-118.4,309.1,309.2,160.0,1450.0,Study 22.12 BB
s383,s383,33.8,-118.4,309.1,309.2,160.0,1450.0,Study 22.12 LF
s385,s385,33.9,-118.3,333.3,293.8,760.0,3140.0,Study 22.12 LF
s385,s385,33.9,-118.3,333.3,293.8,760.0,3140.0,Study 22.12 BB
s387,s387,33.9,-118.3,334.2,296.0,670.0,4060.0,Study 22.12 BB
s387,s387,33.9,-118.3,334.2,296.0,670.0,4060.0,Study 22.12 LF
s388,s388,34.0,-118.2,228.6,210.0,830.0,5630.0,Study 22.12 BB
s388,s388,34.0,-118.2,228.6,210.0,830.0,5630.0,Study 22.12 LF
s389,s389,34.0,-118.2,358.5,277.1,600.0,3990.0,Study 22.12 BB
s389,s389,34.0,-118.2,358.5,277.1,600.0,3990.0,Study 22.12 LF
s391,s391,34.1,-118.2,351.9,330.7,310.0,2130.0,Study 22.12 LF
s391,s391,34.1,-118.2,351.9,330.7,310.0,2130.0,Study 22.12 BB
s393,s393,34.2,-118.1,350.6,344.4,150.0,1240.0,Study 22.12 BB
s393,s393,34.2,-118.1,350.6,344.4,150.0,1240.0,Study 22.12 LF
s395,s395,34.2,-118.1,728.5,636.2,60.0,880.0,Study 22.12 BB
s395,s395,34.2,-118.1,728.5,636.2,60.0,880.0,Study 22.12 LF
s397,s397,34.3,-118.0,727.4,654.4,60.0,740.0,Study 22.12 BB
s397,s397,34.3,-118.0,727.4,654.4,60.0,740.0,Study 22.12 LF
s399,s399,34.4,-118.0,779.1,700.7,50.0,550.0,Study 22.12 LF
s399,s399,34.4,-118.0,779.1,700.7,50.0,550.0,Study 22.12 BB
s401,s401,34.5,-117.9,805.3,718.7,50.0,610.0,Study 22.12 BB
s401,s401,34.5,-117.9,805.3,718.7,50.0,610.0,Study 22.12 LF
s403,s403,34.6,-117.8,293.8,307.3,130.0,660.0,Study 22.12 LF
s403,s403,34.6,-117.8,293.8,307.3,130.0,660.0,Study 22.12 BB
s410,s410,33.9,-118.2,229.1,209.7,880.0,5660.0,Study 22.12 LF
s410,s410,33.9,-118.2,229.1,209.7,880.0,5660.0,Study 22.12 BB
s424,s424,34.5,-117.8,353.5,386.1,120.0,690.0,Study 22.12 LF
s424,s424,34.5,-117.8,353.5,386.1,120.0,690.0,Study 22.12 BB
s427,s427,33.7,-118.3,330.6,305.7,310.0,1840.0,Study 22.12 LF
s427,s427,33.7,-118.3,330.6,305.7,310.0,1840.0,Study 22.12 BB
s429,s429,33.8,-118.2,292.6,240.4,710.0,3650.0,Study 22.12 BB
s429,s429,33.8,-118.2,292.6,240.4,710.0,3650.0,Study 22.12 LF
s431,s431,33.9,-118.2,239.4,217.9,840.0,5080.0,Study 22.12 LF
s431,s431,33.9,-118.2,239.4,217.9,840.0,5080.0,Study 22.12 BB
s433,s433,34.0,-118.1,230.0,212.8,720.0,4510.0,Study 22.12 LF
s433,s433,34.0,-118.1,230.0,212.8,720.0,4510.0,Study 22.12 BB
s435,s435,34.0,-118.1,293.3,265.2,490.0,3400.0,Study 22.12 BB
s435,s435,34.0,-118.1,293.3,265.2,490.0,3400.0,Study 22.12 LF
s437,s437,34.1,-118.0,309.7,293.5,240.0,2440.0,Study 22.12 LF
s437,s437,34.1,-118.0,309.7,293.5,240.0,2440.0,Study 22.12 BB
s439,s439,34.2,-118.0,722.2,591.7,60.0,1220.0,Study 22.12 LF
s439,s439,34.2,-118.0,722.2,591.7,60.0,1220.0,Study 22.12 BB
s441,s441,34.3,-117.9,728.2,655.9,60.0,690.0,Study 22.12 BB
s441,s441,34.3,-117.9,728.2,655.9,60.0,690.0,Study 22.12 LF
s443,s443,34.4,-117.9,804.6,722.8,40.0,540.0,Study 22.12 BB
s443,s443,34.4,-117.9,804.6,722.8,40.0,540.0,Study 22.12 LF
s445,s445,34.4,-117.8,351.9,395.3,110.0,640.0,Study 22.12 LF
s445,s445,34.4,-117.8,351.9,395.3,110.0,640.0,Study 22.12 BB
s447,s447,34.5,-117.8,352.4,351.7,130.0,830.0,Study 22.12 LF
s447,s447,34.5,-117.8,352.4,351.7,130.0,830.0,Study 22.12 BB
s451,s451,33.8,-118.2,293.5,311.4,630.0,4690.0,Study 22.12 LF
s451,s451,33.8,-118.2,293.5,311.4,630.0,4690.0,Study 22.12 BB
s453,s453,33.9,-118.1,297.6,247.5,810.0,4720.0,Study 22.12 BB
s453,s453,33.9,-118.1,297.6,247.5,810.0,4720.0,Study 22.12 LF
s465,s465,34.4,-117.8,783.0,705.2,50.0,520.0,Study 22.12 LF
s465,s465,34.4,-117.8,783.0,705.2,50.0,520.0,Study 22.12 BB
s467,s467,34.5,-117.7,418.0,404.5,120.0,830.0,Study 22.12 LF
s467,s467,34.5,-117.7,418.0,404.5,120.0,830.0,Study 22.12 BB
s470,s470,33.8,-118.1,362.9,319.5,630.0,2930.0,Study 22.12 BB
s470,s470,33.8,-118.1,362.9,319.5,630.0,2930.0,Study 22.12 LF
s472,s472,33.8,-118.1,228.5,210.2,810.0,4740.0,Study 22.12 LF
s472,s472,33.8,-118.1,228.5,210.2,810.0,4740.0,Study 22.12 BB
s474,s474,33.9,-118.0,352.3,320.7,620.0,3360.0,Study 22.12 BB
s474,s474,33.9,-118.0,352.3,320.7,620.0,3360.0,Study 22.12 LF
s476,s476,34.0,-118.0,411.8,353.3,310.0,4520.0,Study 22.12 LF
s476,s476,34.0,-118.0,411.8,353.3,310.0,4520.0,Study 22.12 BB
s478,s478,34.1,-117.9,303.1,281.8,310.0,2690.0,Study 22.12 BB
s478,s478,34.1,-117.9,303.1,281.8,310.0,2690.0,Study 22.12 LF
s480,s480,34.2,-117.9,715.6,588.9,60.0,1280.0,Study 22.12 BB
s480,s480,34.2,-117.9,715.6,588.9,60.0,1280.0,Study 22.12 LF
s482,s482,34.2,-117.8,717.9,566.3,70.0,650.0,Study 22.12 LF
s482,s482,34.2,-117.8,717.9,566.3,70.0,650.0,Study 22.12 BB
s484,s484,34.3,-117.8,732.4,665.4,50.0,520.0,Study 22.12 BB
s484,s484,34.3,-117.8,732.4,665.4,50.0,520.0,Study 22.12 LF
s486,s486,34.4,-117.7,736.6,664.5,60.0,620.0,Study 22.12 BB
s486,s486,34.4,-117.7,736.6,664.5,60.0,620.0,Study 22.12 LF
s488,s488,34.5,-117.7,351.9,344.6,150.0,1250.0,Study 22.12 LF
s488,s488,34.5,-117.7,351.9,344.6,150.0,1250.0,Study 22.12 BB
s491,s491,33.8,-118.1,226.7,211.1,680.0,3770.0,Study 22.12 BB
s491,s491,33.8,-118.1,226.7,211.1,680.0,3770.0,Study 22.12 LF
s493,s493,33.9,-118.0,227.3,238.8,730.0,3930.0,Study 22.12 LF
s493,s493,33.9,-118.0,227.3,238.8,730.0,3930.0,Study 22.12 BB
s505,s505,34.3,-117.7,721.4,654.2,60.0,570.0,Study 22.12 LF
s505,s505,34.3,-117.7,721.4,654.2,60.0,570.0,Study 22.12 BB
s507,s507,34.4,-117.6,428.8,391.2,130.0,1180.0,Study 22.12 LF
s507,s507,34.4,-117.6,428.8,391.2,130.0,1180.0,Study 22.12 BB
s510,s510,33.7,-118.0,344.1,253.5,580.0,3160.0,Study 22.12 LF
s510,s510,33.7,-118.0,344.1,253.5,580.0,3160.0,Study 22.12 BB
s512,s512,33.8,-118.0,230.1,212.8,730.0,4730.0,Study 22.12 BB
s512,s512,33.8,-118.0,230.1,212.8,730.0,4730.0,Study 22.12 LF
s514,s514,33.9,-117.9,370.3,329.9,630.0,4690.0,Study 22.12 BB
s514,s514,33.9,-117.9,370.3,329.9,630.0,4690.0,Study 22.12 LF
s516,s516,34.0,-117.9,334.7,310.5,310.0,2190.0,Study 22.12 LF
s516,s516,34.0,-117.9,334.7,310.5,310.0,2190.0,Study 22.12 BB
s518,s518,34.0,-117.8,375.5,306.6,400.0,1100.0,Study 22.12 BB
s518,s518,34.0,-117.8,375.5,306.6,400.0,1100.0,Study 22.12 LF
s520,s520,34.1,-117.8,383.2,358.4,150.0,680.0,Study 22.12 BB
s520,s520,34.1,-117.8,383.2,358.4,150.0,680.0,Study 22.12 LF
s522,s522,34.2,-117.7,711.6,640.7,60.0,950.0,Study 22.12 BB
s522,s522,34.2,-117.7,711.6,640.7,60.0,950.0,Study 22.12 LF
s524,s524,34.3,-117.7,714.0,642.4,60.0,860.0,Study 22.12 LF
s524,s524,34.3,-117.7,714.0,642.4,60.0,860.0,Study 22.12 BB
s526,s526,34.3,-117.6,363.1,422.3,120.0,1090.0,Study 22.12 LF
s526,s526,34.3,-117.6,363.1,422.3,120.0,1090.0,Study 22.12 BB
s528,s528,34.4,-117.6,351.9,337.8,170.0,1620.0,Study 22.12 BB
s528,s528,34.4,-117.6,351.9,337.8,170.0,1620.0,Study 22.12 LF
s531,s531,33.7,-118.0,227.0,213.0,630.0,4470.0,Study 22.12 BB
s531,s531,33.7,-118.0,227.0,213.0,630.0,4470.0,Study 22.12 LF
s541,s541,34.1,-117.7,351.9,344.2,160.0,1100.0,Study 22.12 LF
s541,s541,34.1,-117.7,351.9,344.2,160.0,1100.0,Study 22.12 BB
s545,s545,34.3,-117.6,712.0,633.3,70.0,1290.0,Study 22.12 LF
s545,s545,34.3,-117.6,712.0,633.3,70.0,1290.0,Study 22.12 BB
s547,s547,34.4,-117.5,351.9,339.5,160.0,1500.0,Study 22.12 LF
s547,s547,34.4,-117.5,351.9,339.5,160.0,1500.0,Study 22.12 BB
s550,s550,33.7,-118.0,219.7,206.9,540.0,4050.0,Study 22.12 BB
s550,s550,33.7,-118.0,219.7,206.9,540.0,4050.0,Study 22.12 LF
s552,s552,33.8,-117.9,220.6,210.8,460.0,4830.0,Study 22.12 BB
s552,s552,33.8,-117.9,220.6,210.8,460.0,4830.0,Study 22.12 LF
s554,s554,33.8,-117.8,293.4,267.1,380.0,2250.0,Study 22.12 LF
s554,s554,33.8,-117.8,293.4,267.1,380.0,2250.0,Study 22.12 BB
s556,s556,33.9,-117.8,303.6,282.7,300.0,2360.0,Study 22.12 LF
s556,s556,33.9,-117.8,303.6,282.7,300.0,2360.0,Study 22.12 BB
s558,s558,34.0,-117.7,369.0,331.2,260.0,1300.0,Study 22.12 BB
s558,s558,34.0,-117.7,369.0,331.2,260.0,1300.0,Study 22.12 LF
s560,s560,34.1,-117.7,293.5,305.5,170.0,710.0,Study 22.12 LF
s560,s560,34.1,-117.7,293.5,305.5,170.0,710.0,Study 22.12 BB
s562,s562,34.1,-117.6,351.9,342.5,310.0,1140.0,Study 22.12 BB
s562,s562,34.1,-117.6,351.9,342.5,310.0,1140.0,Study 22.12 LF
s564,s564,34.2,-117.6,711.0,630.3,70.0,1440.0,Study 22.12 BB
s564,s564,34.2,-117.6,711.0,630.3,70.0,1440.0,Study 22.12 LF
s566,s566,34.3,-117.5,351.9,341.3,160.0,1490.0,Study 22.12 BB
s566,s566,34.3,-117.5,351.9,341.3,160.0,1490.0,Study 22.12 LF
s568,s568,34.4,-117.5,351.9,343.0,160.0,1600.0,Study 22.12 BB
s568,s568,34.4,-117.5,351.9,343.0,160.0,1600.0,Study 22.12 LF
s586,s586,34.2,-117.5,352.0,393.3,140.0,1450.0,Study 22.12 BB
s586,s586,34.2,-117.5,352.0,393.3,140.0,1450.0,Study 22.12 LF
s588,s588,34.3,-117.5,468.1,437.8,120.0,1340.0,Study 22.12 LF
s588,s588,34.3,-117.5,468.1,437.8,120.0,1340.0,Study 22.12 BB
s591,s591,33.6,-117.9,386.5,364.2,160.0,2310.0,Study 22.12 BB
s591,s591,33.6,-117.9,386.5,364.2,160.0,2310.0,Study 22.12 LF
s593,s593,33.7,-117.8,226.3,230.0,310.0,1790.0,Study 22.12 BB
s593,s593,33.7,-117.8,226.3,230.0,310.0,1790.0,Study 22.12 LF
s595,s595,33.8,-117.8,454.1,413.7,140.0,1540.0,Study 22.12 LF
s595,s595,33.8,-117.8,454.1,413.7,140.0,1540.0,Study 22.12 BB
s597,s597,33.9,-117.7,449.4,425.7,120.0,1310.0,Study 22.12 BB
s597,s597,33.9,-117.7,449.4,425.7,120.0,1310.0,Study 22.12 LF
s599,s599,33.9,-117.6,351.6,322.4,270.0,910.0,Study 22.12 BB
s599,s599,33.9,-117.6,351.6,322.4,270.0,910.0,Study 22.12 LF
s601,s601,34.0,-117.6,293.5,266.9,200.0,520.0,Study 22.12 LF
s601,s601,34.0,-117.6,293.5,266.9,200.0,520.0,Study 22.12 BB
s603,s603,34.1,-117.5,293.5,309.6,180.0,590.0,Study 22.12 BB
s603,s603,34.1,-117.5,293.5,309.6,180.0,590.0,Study 22.12 LF
s605,s605,34.2,-117.5,711.4,585.0,60.0,1080.0,Study 22.12 BB
s605,s605,34.2,-117.5,711.4,585.0,60.0,1080.0,Study 22.12 LF
s607,s607,34.3,-117.4,452.3,501.4,100.0,1270.0,Study 22.12 BB
s607,s607,34.3,-117.4,452.3,501.4,100.0,1270.0,Study 22.12 LF
s609,s609,34.3,-117.4,463.9,435.1,120.0,1310.0,Study 22.12 LF
s609,s609,34.3,-117.4,463.9,435.1,120.0,1310.0,Study 22.12 BB
s624,s624,34.1,-117.5,351.9,348.3,170.0,620.0,Study 22.12 LF
s624,s624,34.1,-117.5,351.9,348.3,170.0,620.0,Study 22.12 BB
s632,s632,33.6,-117.8,468.1,428.5,140.0,1940.0,Study 22.12 LF
s632,s632,33.6,-117.8,468.1,428.5,140.0,1940.0,Study 22.12 BB
s634,s634,33.7,-117.7,351.9,344.3,150.0,1370.0,Study 22.12 BB
s634,s634,33.7,-117.7,351.9,344.3,150.0,1370.0,Study 22.12 LF
s636,s636,33.7,-117.7,351.9,382.3,120.0,830.0,Study 22.12 LF
s636,s636,33.7,-117.7,351.9,382.3,120.0,830.0,Study 22.12 BB
s638,s638,33.8,-117.6,705.2,627.3,70.0,1190.0,Study 22.12 LF
s638,s638,33.8,-117.6,705.2,627.3,70.0,1190.0,Study 22.12 BB
s640,s640,33.9,-117.6,707.3,368.1,150.0,470.0,Study 22.12 LF
s640,s640,33.9,-117.6,707.3,368.1,150.0,470.0,Study 22.12 BB
s642,s642,34.0,-117.5,351.9,363.5,150.0,420.0,Study 22.12 LF
s642,s642,34.0,-117.5,351.9,363.5,150.0,420.0,Study 22.12 BB
s644,s644,34.1,-117.4,293.5,316.7,160.0,480.0,Study 22.12 BB
s644,s644,34.1,-117.4,293.5,316.7,160.0,480.0,Study 22.12 LF
s646,s646,34.1,-117.4,293.5,304.1,310.0,860.0,Study 22.12 LF
s646,s646,34.1,-117.4,293.5,304.1,310.0,860.0,Study 22.12 BB
s647,s647,34.2,-117.4,355.2,348.9,310.0,1230.0,Study 22.12 LF
s647,s647,34.2,-117.4,355.2,348.9,310.0,1230.0,Study 22.12 BB
s648,s648,34.2,-117.3,729.0,650.4,60.0,1450.0,Study 22.12 LF
s648,s648,34.2,-117.3,729.0,650.4,60.0,1450.0,Study 22.12 BB
s650,s650,34.3,-117.3,687.3,614.1,70.0,1470.0,Study 22.12 BB
s650,s650,34.3,-117.3,687.3,614.1,70.0,1470.0,Study 22.12 LF
s660,s660,33.8,-117.5,390.1,362.0,310.0,670.0,Study 22.12 BB
s660,s660,33.8,-117.5,390.1,362.0,310.0,670.0,Study 22.12 LF
s666,s666,34.1,-117.4,378.1,351.6,170.0,550.0,Study 22.12 LF
s666,s666,34.1,-117.4,378.1,351.6,170.0,550.0,Study 22.12 BB
s668,s668,34.2,-117.3,687.9,534.5,80.0,1190.0,Study 22.12 LF
s668,s668,34.2,-117.3,687.9,534.5,80.0,1190.0,Study 22.12 BB
s674,s674,33.5,-117.7,383.1,364.1,160.0,2080.0,Study 22.12 LF
s674,s674,33.5,-117.7,383.1,364.1,160.0,2080.0,Study 22.12 BB
s676,s676,33.6,-117.6,387.8,377.3,130.0,1120.0,Study 22.12 BB
s676,s676,33.6,-117.6,387.8,377.3,130.0,1120.0,Study 22.12 LF
s678,s678,33.7,-117.6,709.4,639.6,60.0,780.0,Study 22.12 BB
s678,s678,33.7,-117.6,709.4,639.6,60.0,780.0,Study 22.12 LF
s680,s680,33.8,-117.5,351.9,382.9,120.0,960.0,Study 22.12 BB
s680,s680,33.8,-117.5,351.9,382.9,120.0,960.0,Study 22.12 LF
s682,s682,33.9,-117.5,709.5,651.1,50.0,450.0,Study 22.12 LF
s682,s682,33.9,-117.5,709.5,651.1,50.0,450.0,Study 22.12 BB
s684,s684,33.9,-117.4,379.0,363.6,150.0,390.0,Study 22.12 LF
s684,s684,33.9,-117.4,379.0,363.6,150.0,390.0,Study 22.12 BB
s686,s686,34.0,-117.3,382.9,272.6,200.0,450.0,Study 22.12 BB
s686,s686,34.0,-117.3,382.9,272.6,200.0,450.0,Study 22.12 LF
s688,s688,34.1,-117.3,294.8,262.9,400.0,1350.0,Study 22.12 BB
s688,s688,34.1,-117.3,294.8,262.9,400.0,1350.0,Study 22.12 LF
s689,s689,34.1,-117.3,295.3,266.9,200.0,1040.0,Study 22.12 LF
s689,s689,34.1,-117.3,295.3,266.9,200.0,1040.0,Study 22.12 BB
s690,s690,34.2,-117.2,377.9,417.8,110.0,1470.0,Study 22.12 BB
s690,s690,34.2,-117.2,377.9,417.8,110.0,1470.0,Study 22.12 LF
s692,s692,34.2,-117.2,691.4,620.8,70.0,1380.0,Study 22.12 LF
s692,s692,34.2,-117.2,691.4,620.8,70.0,1380.0,Study 22.12 BB
s710,s710,34.1,-117.2,293.6,306.4,180.0,680.0,Study 22.12 BB
s710,s710,34.1,-117.2,293.6,306.4,180.0,680.0,Study 22.12 LF
s716,s716,33.5,-117.6,468.4,431.8,120.0,1990.0,Study 22.12 BB
s716,s716,33.5,-117.6,468.4,431.8,120.0,1990.0,Study 22.12 LF
s718,s718,33.6,-117.5,502.5,483.8,90.0,490.0,Study 22.12 LF
s718,s718,33.6,-117.5,502.5,483.8,90.0,490.0,Study 22.12 BB
s720,s720,33.7,-117.5,710.0,653.5,50.0,430.0,Study 22.12 BB
s720,s720,33.7,-117.5,710.0,653.5,50.0,430.0,Study 22.12 LF
s722,s722,33.7,-117.4,351.9,373.1,100.0,450.0,Study 22.12 LF
s722,s722,33.7,-117.4,351.9,373.1,100.0,450.0,Study 22.12 BB
s724,s724,33.8,-117.4,710.0,659.6,50.0,370.0,Study 22.12 LF
s724,s724,33.8,-117.4,710.0,659.6,50.0,370.0,Study 22.12 BB
s726,s726,33.9,-117.3,709.9,652.7,50.0,440.0,Study 22.12 LF
s726,s726,33.9,-117.3,709.9,652.7,50.0,440.0,Study 22.12 BB
s728,s728,34.0,-117.3,351.9,376.7,120.0,610.0,Study 22.12 BB
s728,s728,34.0,-117.3,351.9,376.7,120.0,610.0,Study 22.12 LF
s730,s730,34.0,-117.2,360.6,347.2,170.0,690.0,Study 22.12 BB
s730,s730,34.0,-117.2,360.6,347.2,170.0,690.0,Study 22.12 LF
s731,s731,34.1,-117.2,350.6,342.4,170.0,1280.0,Study 22.12 LF
s731,s731,34.1,-117.2,350.6,342.4,170.0,1280.0,Study 22.12 BB
s732,s732,34.1,-117.1,703.1,583.1,60.0,1160.0,Study 22.12 LF
s732,s732,34.1,-117.1,703.1,583.1,60.0,1160.0,Study 22.12 BB
s734,s734,34.2,-117.1,705.2,626.0,70.0,1720.0,Study 22.12 LF
s734,s734,34.2,-117.1,705.2,626.0,70.0,1720.0,Study 22.12 BB
s758,s758,33.4,-117.5,468.4,445.0,110.0,1190.0,Study 22.12 BB
s758,s758,33.4,-117.5,468.4,445.0,110.0,1190.0,Study 22.12 LF
s760,s760,33.5,-117.5,502.5,481.0,90.0,540.0,Study 22.12 LF
s760,s760,33.5,-117.5,502.5,481.0,90.0,540.0,Study 22.12 BB
s762,s762,33.5,-117.4,710.1,662.1,50.0,350.0,Study 22.12 BB
s762,s762,33.5,-117.4,710.1,662.1,50.0,350.0,Study 22.12 LF
s764,s764,33.6,-117.4,710.1,663.0,50.0,350.0,Study 22.12 LF
s764,s764,33.6,-117.4,710.1,663.0,50.0,350.0,Study 22.12 BB
s765,s765,33.6,-117.3,332.3,320.3,100.0,390.0,Study 22.12 LF
s765,s765,33.6,-117.3,332.3,320.3,100.0,390.0,Study 22.12 BB
s766,s766,33.7,-117.3,365.8,471.0,70.0,330.0,Study 22.12 LF
s766,s766,33.7,-117.3,365.8,471.0,70.0,330.0,Study 22.12 BB
s768,s768,33.8,-117.3,351.9,613.1,50.0,260.0,Study 22.12 LF
s768,s768,33.8,-117.3,351.9,613.1,50.0,260.0,Study 22.12 BB
s770,s770,33.8,-117.2,293.5,320.5,110.0,430.0,Study 22.12 BB
s770,s770,33.8,-117.2,293.5,320.5,110.0,430.0,Study 22.12 LF
s772,s772,33.9,-117.2,351.9,349.9,130.0,1020.0,Study 22.12 LF
s772,s772,33.9,-117.2,351.9,349.9,130.0,1020.0,Study 22.12 BB
s774,s774,34.0,-117.1,397.6,273.3,310.0,2000.0,Study 22.12 BB
s774,s774,34.0,-117.1,397.6,273.3,310.0,2000.0,Study 22.12 LF
s776,s776,34.1,-117.1,352.2,339.0,310.0,1520.0,Study 22.12 BB
s776,s776,34.1,-117.1,352.2,339.0,310.0,1520.0,Study 22.12 LF
s778,s778,34.2,-117.0,709.2,632.0,70.0,1280.0,Study 22.12 LF
s778,s778,34.2,-117.0,709.2,632.0,70.0,1280.0,Study 22.12 BB
s794,s794,33.9,-117.1,293.5,301.7,150.0,1080.0,Study 22.12 LF
s794,s794,33.9,-117.1,293.5,301.7,150.0,1080.0,Study 22.12 BB
s795,s795,33.9,-117.1,468.3,435.6,130.0,1760.0,Study 22.12 BB
s795,s795,33.9,-117.1,468.3,435.6,130.0,1760.0,Study 22.12 LF
